Month,Sum
1,74912.70000000001
2,77987.90000000001
3,51.0
4,0
5,0
6,0
7,0
8,86102.2
9,87786.04
10,79425.3
11,72704.49999999999
12,72073.3
